title,artist,genre,lyrics
歌曲 1,美秀集團,搖滾,讓我牽著你的手，走過城市的盡頭
歌曲 2,椅子樂團,搖滾,風輕輕地吹，思念緩緩地墜
歌曲 3,滅火器,搖滾,讓我牽著你的手，走過城市的盡頭
歌曲 4,蘇打綠,流行,我們都一樣，在黑夜裡歌唱
歌曲 5,老王樂隊,台灣獨立樂隊,那年夏天，我們一起寫下青春的旋律
歌曲 6,宇宙人,搖滾,讓我牽著你的手，走過城市的盡頭
歌曲 7,椅子樂團,台灣獨立樂隊,微光閃爍在眼裡，是自由的證明
歌曲 8,草東沒有派對,古典樂,我們都一樣，在黑夜裡歌唱
歌曲 9,椅子樂團,嘻哈,那年夏天，我們一起寫下青春的旋律
歌曲 10,美秀集團,搖滾,我們都一樣，在黑夜裡歌唱
歌曲 11,宇宙人,古典樂,這一刻，世界靜止在音符之中
歌曲 12,宇宙人,民謠,我們都一樣，在黑夜裡歌唱
歌曲 13,蘇打綠,電子,那年夏天，我們一起寫下青春的旋律
歌曲 14,老王樂隊,電子,這一刻，世界靜止在音符之中
歌曲 15,美秀集團,爵士,那年夏天，我們一起寫下青春的旋律
歌曲 16,椅子樂團,古典樂,讓我牽著你的手，走過城市的盡頭
歌曲 17,蘇打綠,嘻哈,我們都一樣，在黑夜裡歌唱
歌曲 18,康士坦的變化球,嘻哈,這一刻，世界靜止在音符之中
歌曲 19,草東沒有派對,古典樂,風輕輕地吹，思念緩緩地墜
歌曲 20,宇宙人,民謠,微光閃爍在眼裡，是自由的證明
歌曲 21,椅子樂團,嘻哈,微光閃爍在眼裡，是自由的證明
歌曲 22,蘇打綠,嘻哈,我們都一樣，在黑夜裡歌唱
歌曲 23,康士坦的變化球,民謠,風輕輕地吹，思念緩緩地墜
歌曲 24,康士坦的變化球,嘻哈,我們都一樣，在黑夜裡歌唱
歌曲 25,草東沒有派對,搖滾,微光閃爍在眼裡，是自由的證明
歌曲 26,宇宙人,嘻哈,這一刻，世界靜止在音符之中
歌曲 27,康士坦的變化球,爵士,我們都一樣，在黑夜裡歌唱
歌曲 28,草東沒有派對,搖滾,我們都一樣，在黑夜裡歌唱
歌曲 29,康士坦的變化球,古典樂,微光閃爍在眼裡，是自由的證明
歌曲 30,康士坦的變化球,爵士,那年夏天，我們一起寫下青春的旋律
歌曲 31,草東沒有派對,爵士,那年夏天，我們一起寫下青春的旋律
歌曲 32,滅火器,嘻哈,風輕輕地吹，思念緩緩地墜
歌曲 33,康士坦的變化球,台灣獨立樂隊,我們用歌聲反抗，用節奏重生
歌曲 34,宇宙人,爵士,微光閃爍在眼裡，是自由的證明
歌曲 35,美秀集團,嘻哈,我們用歌聲反抗，用節奏重生
歌曲 36,康士坦的變化球,古典樂,微光閃爍在眼裡，是自由的證明
歌曲 37,宇宙人,古典樂,那年夏天，我們一起寫下青春的旋律
歌曲 38,老王樂隊,搖滾,讓我牽著你的手，走過城市的盡頭
歌曲 39,滅火器,爵士,這一刻，世界靜止在音符之中
歌曲 40,康士坦的變化球,搖滾,這一刻，世界靜止在音符之中
歌曲 41,宇宙人,爵士,我們都一樣，在黑夜裡歌唱
歌曲 42,宇宙人,古典樂,我們用歌聲反抗，用節奏重生
歌曲 43,宇宙人,爵士,時間啊帶不走的，是你我的夢
歌曲 44,宇宙人,流行,這一刻，世界靜止在音符之中
歌曲 45,蘇打綠,台灣獨立樂隊,那年夏天，我們一起寫下青春的旋律
歌曲 46,美秀集團,台灣獨立樂隊,我們都一樣，在黑夜裡歌唱
歌曲 47,滅火器,嘻哈,那年夏天，我們一起寫下青春的旋律
歌曲 48,椅子樂團,爵士,這一刻，世界靜止在音符之中
歌曲 49,滅火器,電子,微光閃爍在眼裡，是自由的證明
歌曲 50,老王樂隊,搖滾,這一刻，世界靜止在音符之中
歌曲 51,宇宙人,搖滾,風輕輕地吹，思念緩緩地墜
歌曲 52,康士坦的變化球,流行,我們都一樣，在黑夜裡歌唱
歌曲 53,滅火器,嘻哈,我們都一樣，在黑夜裡歌唱
歌曲 54,老王樂隊,爵士,讓我牽著你的手，走過城市的盡頭
歌曲 55,滅火器,古典樂,我們用歌聲反抗，用節奏重生
歌曲 56,老王樂隊,流行,讓我牽著你的手，走過城市的盡頭
歌曲 57,宇宙人,古典樂,我們都一樣，在黑夜裡歌唱
歌曲 58,宇宙人,台灣獨立樂隊,這一刻，世界靜止在音符之中
歌曲 59,美秀集團,流行,我們用歌聲反抗，用節奏重生
歌曲 60,草東沒有派對,爵士,時間啊帶不走的，是你我的夢
歌曲 61,滅火器,古典樂,微光閃爍在眼裡，是自由的證明
歌曲 62,滅火器,台灣獨立樂隊,風輕輕地吹，思念緩緩地墜
歌曲 63,滅火器,古典樂,我們用歌聲反抗，用節奏重生
歌曲 64,宇宙人,搖滾,讓我牽著你的手，走過城市的盡頭
歌曲 65,老王樂隊,流行,那年夏天，我們一起寫下青春的旋律
歌曲 66,蘇打綠,搖滾,我們用歌聲反抗，用節奏重生
歌曲 67,宇宙人,台灣獨立樂隊,我們都一樣，在黑夜裡歌唱
歌曲 68,滅火器,嘻哈,風輕輕地吹，思念緩緩地墜
歌曲 69,老王樂隊,嘻哈,微光閃爍在眼裡，是自由的證明
歌曲 70,滅火器,爵士,微光閃爍在眼裡，是自由的證明
歌曲 71,康士坦的變化球,台灣獨立樂隊,這一刻，世界靜止在音符之中
歌曲 72,老王樂隊,古典樂,風輕輕地吹，思念緩緩地墜
歌曲 73,椅子樂團,嘻哈,我們用歌聲反抗，用節奏重生
歌曲 74,草東沒有派對,電子,讓我牽著你的手，走過城市的盡頭
歌曲 75,宇宙人,搖滾,讓我牽著你的手，走過城市的盡頭
歌曲 76,美秀集團,古典樂,風輕輕地吹，思念緩緩地墜
歌曲 77,宇宙人,台灣獨立樂隊,風輕輕地吹，思念緩緩地墜
歌曲 78,蘇打綠,流行,我們都一樣，在黑夜裡歌唱
歌曲 79,老王樂隊,古典樂,微光閃爍在眼裡，是自由的證明
歌曲 80,蘇打綠,爵士,我們都一樣，在黑夜裡歌唱
歌曲 81,美秀集團,流行,我們都一樣，在黑夜裡歌唱
歌曲 82,宇宙人,流行,時間啊帶不走的，是你我的夢
歌曲 83,老王樂隊,嘻哈,微光閃爍在眼裡，是自由的證明
歌曲 84,蘇打綠,台灣獨立樂隊,這一刻，世界靜止在音符之中
歌曲 85,老王樂隊,流行,微光閃爍在眼裡，是自由的證明
歌曲 86,椅子樂團,電子,那年夏天，我們一起寫下青春的旋律
歌曲 87,蘇打綠,古典樂,微光閃爍在眼裡，是自由的證明
歌曲 88,蘇打綠,電子,我們用歌聲反抗，用節奏重生
歌曲 89,美秀集團,嘻哈,風輕輕地吹，思念緩緩地墜
歌曲 90,草東沒有派對,民謠,那年夏天，我們一起寫下青春的旋律
歌曲 91,椅子樂團,嘻哈,時間啊帶不走的，是你我的夢
歌曲 92,椅子樂團,爵士,我們都一樣，在黑夜裡歌唱
歌曲 93,老王樂隊,電子,讓我牽著你的手，走過城市的盡頭
歌曲 94,蘇打綠,古典樂,這一刻，世界靜止在音符之中
歌曲 95,滅火器,電子,那年夏天，我們一起寫下青春的旋律
歌曲 96,康士坦的變化球,台灣獨立樂隊,我們都一樣，在黑夜裡歌唱
歌曲 97,老王樂隊,古典樂,我們都一樣，在黑夜裡歌唱
歌曲 98,美秀集團,嘻哈,這一刻，世界靜止在音符之中
歌曲 99,美秀集團,流行,那年夏天，我們一起寫下青春的旋律
歌曲 100,滅火器,爵士,那年夏天，我們一起寫下青春的旋律
歌曲 101,老王樂隊,嘻哈,我們用歌聲反抗，用節奏重生
歌曲 102,美秀集團,電子,我們都一樣，在黑夜裡歌唱
歌曲 103,滅火器,民謠,我們都一樣，在黑夜裡歌唱
歌曲 104,椅子樂團,搖滾,風輕輕地吹，思念緩緩地墜
歌曲 105,椅子樂團,爵士,我們用歌聲反抗，用節奏重生
歌曲 106,椅子樂團,爵士,風輕輕地吹，思念緩緩地墜
歌曲 107,老王樂隊,電子,這一刻，世界靜止在音符之中
歌曲 108,老王樂隊,台灣獨立樂隊,我們用歌聲反抗，用節奏重生
歌曲 109,蘇打綠,民謠,我們用歌聲反抗，用節奏重生
歌曲 110,老王樂隊,爵士,這一刻，世界靜止在音符之中
歌曲 111,滅火器,台灣獨立樂隊,風輕輕地吹，思念緩緩地墜
歌曲 112,椅子樂團,民謠,我們都一樣，在黑夜裡歌唱
歌曲 113,宇宙人,民謠,讓我牽著你的手，走過城市的盡頭
歌曲 114,蘇打綠,流行,這一刻，世界靜止在音符之中
歌曲 115,老王樂隊,民謠,風輕輕地吹，思念緩緩地墜
歌曲 116,康士坦的變化球,民謠,我們用歌聲反抗，用節奏重生
歌曲 117,蘇打綠,民謠,我們用歌聲反抗，用節奏重生
歌曲 118,滅火器,搖滾,那年夏天，我們一起寫下青春的旋律
歌曲 119,老王樂隊,古典樂,風輕輕地吹，思念緩緩地墜
歌曲 120,草東沒有派對,民謠,那年夏天，我們一起寫下青春的旋律
歌曲 121,蘇打綠,電子,這一刻，世界靜止在音符之中
歌曲 122,椅子樂團,爵士,風輕輕地吹，思念緩緩地墜
歌曲 123,康士坦的變化球,搖滾,讓我牽著你的手，走過城市的盡頭
歌曲 124,康士坦的變化球,爵士,讓我牽著你的手，走過城市的盡頭
歌曲 125,康士坦的變化球,古典樂,我們用歌聲反抗，用節奏重生
歌曲 126,康士坦的變化球,電子,那年夏天，我們一起寫下青春的旋律
歌曲 127,康士坦的變化球,爵士,我們都一樣，在黑夜裡歌唱
歌曲 128,椅子樂團,嘻哈,時間啊帶不走的，是你我的夢
歌曲 129,宇宙人,台灣獨立樂隊,我們用歌聲反抗，用節奏重生
歌曲 130,蘇打綠,嘻哈,那年夏天，我們一起寫下青春的旋律
歌曲 131,蘇打綠,嘻哈,我們都一樣，在黑夜裡歌唱
歌曲 132,蘇打綠,民謠,微光閃爍在眼裡，是自由的證明
歌曲 133,老王樂隊,爵士,那年夏天，我們一起寫下青春的旋律
歌曲 134,宇宙人,電子,那年夏天，我們一起寫下青春的旋律
歌曲 135,宇宙人,流行,微光閃爍在眼裡，是自由的證明
歌曲 136,老王樂隊,民謠,時間啊帶不走的，是你我的夢
歌曲 137,康士坦的變化球,爵士,我們用歌聲反抗，用節奏重生
歌曲 138,康士坦的變化球,流行,微光閃爍在眼裡，是自由的證明
歌曲 139,蘇打綠,爵士,這一刻，世界靜止在音符之中
歌曲 140,蘇打綠,嘻哈,那年夏天，我們一起寫下青春的旋律
歌曲 141,宇宙人,嘻哈,讓我牽著你的手，走過城市的盡頭
歌曲 142,椅子樂團,電子,我們都一樣，在黑夜裡歌唱
歌曲 143,康士坦的變化球,民謠,這一刻，世界靜止在音符之中
歌曲 144,蘇打綠,流行,微光閃爍在眼裡，是自由的證明
歌曲 145,宇宙人,搖滾,我們都一樣，在黑夜裡歌唱
歌曲 146,宇宙人,電子,時間啊帶不走的，是你我的夢
歌曲 147,美秀集團,電子,這一刻，世界靜止在音符之中
歌曲 148,蘇打綠,搖滾,這一刻，世界靜止在音符之中
歌曲 149,老王樂隊,嘻哈,風輕輕地吹，思念緩緩地墜
歌曲 150,蘇打綠,電子,那年夏天，我們一起寫下青春的旋律
歌曲 151,椅子樂團,民謠,我們用歌聲反抗，用節奏重生
歌曲 152,宇宙人,嘻哈,那年夏天，我們一起寫下青春的旋律
歌曲 153,蘇打綠,流行,風輕輕地吹，思念緩緩地墜
歌曲 154,椅子樂團,搖滾,我們都一樣，在黑夜裡歌唱
歌曲 155,宇宙人,嘻哈,讓我牽著你的手，走過城市的盡頭
歌曲 156,椅子樂團,電子,我們用歌聲反抗，用節奏重生
歌曲 157,康士坦的變化球,台灣獨立樂隊,讓我牽著你的手，走過城市的盡頭
歌曲 158,康士坦的變化球,搖滾,時間啊帶不走的，是你我的夢
歌曲 159,椅子樂團,電子,那年夏天，我們一起寫下青春的旋律
歌曲 160,草東沒有派對,台灣獨立樂隊,我們都一樣，在黑夜裡歌唱
歌曲 161,老王樂隊,流行,我們用歌聲反抗，用節奏重生
歌曲 162,滅火器,搖滾,我們都一樣，在黑夜裡歌唱
歌曲 163,草東沒有派對,流行,讓我牽著你的手，走過城市的盡頭
歌曲 164,草東沒有派對,爵士,我們用歌聲反抗，用節奏重生
歌曲 165,草東沒有派對,民謠,這一刻，世界靜止在音符之中
歌曲 166,草東沒有派對,爵士,讓我牽著你的手，走過城市的盡頭
歌曲 167,宇宙人,台灣獨立樂隊,那年夏天，我們一起寫下青春的旋律
歌曲 168,宇宙人,搖滾,時間啊帶不走的，是你我的夢
歌曲 169,草東沒有派對,嘻哈,那年夏天，我們一起寫下青春的旋律
歌曲 170,草東沒有派對,電子,時間啊帶不走的，是你我的夢
歌曲 171,老王樂隊,搖滾,微光閃爍在眼裡，是自由的證明
歌曲 172,椅子樂團,電子,時間啊帶不走的，是你我的夢
歌曲 173,草東沒有派對,搖滾,我們都一樣，在黑夜裡歌唱
歌曲 174,宇宙人,民謠,我們都一樣，在黑夜裡歌唱
歌曲 175,康士坦的變化球,爵士,時間啊帶不走的，是你我的夢
歌曲 176,蘇打綠,搖滾,我們用歌聲反抗，用節奏重生
歌曲 177,康士坦的變化球,古典樂,讓我牽著你的手，走過城市的盡頭
歌曲 178,椅子樂團,台灣獨立樂隊,時間啊帶不走的，是你我的夢
歌曲 179,椅子樂團,流行,我們用歌聲反抗，用節奏重生
歌曲 180,美秀集團,爵士,風輕輕地吹，思念緩緩地墜
歌曲 181,蘇打綠,嘻哈,時間啊帶不走的，是你我的夢
歌曲 182,蘇打綠,搖滾,我們用歌聲反抗，用節奏重生
歌曲 183,椅子樂團,嘻哈,我們用歌聲反抗，用節奏重生
歌曲 184,蘇打綠,搖滾,那年夏天，我們一起寫下青春的旋律
歌曲 185,老王樂隊,台灣獨立樂隊,這一刻，世界靜止在音符之中
歌曲 186,草東沒有派對,台灣獨立樂隊,這一刻，世界靜止在音符之中
歌曲 187,草東沒有派對,搖滾,時間啊帶不走的，是你我的夢
歌曲 188,蘇打綠,台灣獨立樂隊,那年夏天，我們一起寫下青春的旋律
歌曲 189,滅火器,民謠,微光閃爍在眼裡，是自由的證明
歌曲 190,美秀集團,流行,我們用歌聲反抗，用節奏重生
歌曲 191,蘇打綠,電子,時間啊帶不走的，是你我的夢
歌曲 192,宇宙人,搖滾,我們用歌聲反抗，用節奏重生
歌曲 193,草東沒有派對,民謠,風輕輕地吹，思念緩緩地墜
歌曲 194,宇宙人,流行,時間啊帶不走的，是你我的夢
歌曲 195,美秀集團,古典樂,那年夏天，我們一起寫下青春的旋律
歌曲 196,美秀集團,爵士,讓我牽著你的手，走過城市的盡頭
歌曲 197,美秀集團,嘻哈,我們都一樣，在黑夜裡歌唱
歌曲 198,宇宙人,流行,微光閃爍在眼裡，是自由的證明
歌曲 199,蘇打綠,流行,微光閃爍在眼裡，是自由的證明
歌曲 200,康士坦的變化球,古典樂,讓我牽著你的手，走過城市的盡頭
歌曲 201,蘇打綠,電子,風輕輕地吹，思念緩緩地墜
歌曲 202,老王樂隊,搖滾,我們都一樣，在黑夜裡歌唱
歌曲 203,蘇打綠,台灣獨立樂隊,我們用歌聲反抗，用節奏重生
歌曲 204,宇宙人,台灣獨立樂隊,我們用歌聲反抗，用節奏重生
歌曲 205,蘇打綠,台灣獨立樂隊,那年夏天，我們一起寫下青春的旋律
歌曲 206,老王樂隊,流行,時間啊帶不走的，是你我的夢
歌曲 207,老王樂隊,民謠,那年夏天，我們一起寫下青春的旋律
歌曲 208,宇宙人,搖滾,風輕輕地吹，思念緩緩地墜
歌曲 209,滅火器,爵士,我們用歌聲反抗，用節奏重生
歌曲 210,草東沒有派對,民謠,這一刻，世界靜止在音符之中
歌曲 211,草東沒有派對,搖滾,那年夏天，我們一起寫下青春的旋律
歌曲 212,美秀集團,爵士,讓我牽著你的手，走過城市的盡頭
歌曲 213,草東沒有派對,爵士,讓我牽著你的手，走過城市的盡頭
歌曲 214,老王樂隊,搖滾,風輕輕地吹，思念緩緩地墜
歌曲 215,康士坦的變化球,搖滾,我們用歌聲反抗，用節奏重生
歌曲 216,滅火器,台灣獨立樂隊,風輕輕地吹，思念緩緩地墜
歌曲 217,椅子樂團,流行,我們用歌聲反抗，用節奏重生
歌曲 218,滅火器,電子,我們都一樣，在黑夜裡歌唱
歌曲 219,蘇打綠,古典樂,風輕輕地吹，思念緩緩地墜
歌曲 220,草東沒有派對,流行,我們用歌聲反抗，用節奏重生
歌曲 221,椅子樂團,民謠,時間啊帶不走的，是你我的夢
歌曲 222,康士坦的變化球,電子,那年夏天，我們一起寫下青春的旋律
歌曲 223,草東沒有派對,電子,風輕輕地吹，思念緩緩地墜
歌曲 224,老王樂隊,嘻哈,風輕輕地吹，思念緩緩地墜
歌曲 225,宇宙人,電子,我們用歌聲反抗，用節奏重生
歌曲 226,蘇打綠,台灣獨立樂隊,時間啊帶不走的，是你我的夢
歌曲 227,草東沒有派對,民謠,我們用歌聲反抗，用節奏重生
歌曲 228,老王樂隊,搖滾,風輕輕地吹，思念緩緩地墜
歌曲 229,滅火器,嘻哈,我們用歌聲反抗，用節奏重生
歌曲 230,草東沒有派對,搖滾,那年夏天，我們一起寫下青春的旋律
歌曲 231,康士坦的變化球,電子,風輕輕地吹，思念緩緩地墜
歌曲 232,康士坦的變化球,嘻哈,我們都一樣，在黑夜裡歌唱
歌曲 233,草東沒有派對,古典樂,風輕輕地吹，思念緩緩地墜
歌曲 234,滅火器,電子,風輕輕地吹，思念緩緩地墜
歌曲 235,康士坦的變化球,流行,我們都一樣，在黑夜裡歌唱
歌曲 236,美秀集團,電子,這一刻，世界靜止在音符之中
歌曲 237,草東沒有派對,古典樂,這一刻，世界靜止在音符之中
歌曲 238,宇宙人,古典樂,我們都一樣，在黑夜裡歌唱
歌曲 239,老王樂隊,嘻哈,時間啊帶不走的，是你我的夢
歌曲 240,蘇打綠,電子,那年夏天，我們一起寫下青春的旋律
歌曲 241,滅火器,台灣獨立樂隊,微光閃爍在眼裡，是自由的證明
歌曲 242,蘇打綠,搖滾,讓我牽著你的手，走過城市的盡頭
歌曲 243,滅火器,爵士,微光閃爍在眼裡，是自由的證明
歌曲 244,滅火器,台灣獨立樂隊,我們用歌聲反抗，用節奏重生
歌曲 245,滅火器,嘻哈,我們都一樣，在黑夜裡歌唱
歌曲 246,蘇打綠,爵士,我們用歌聲反抗，用節奏重生
歌曲 247,草東沒有派對,台灣獨立樂隊,風輕輕地吹，思念緩緩地墜
歌曲 248,康士坦的變化球,民謠,這一刻，世界靜止在音符之中
歌曲 249,康士坦的變化球,嘻哈,時間啊帶不走的，是你我的夢
歌曲 250,宇宙人,民謠,時間啊帶不走的，是你我的夢
歌曲 251,宇宙人,古典樂,我們都一樣，在黑夜裡歌唱
歌曲 252,椅子樂團,民謠,那年夏天，我們一起寫下青春的旋律
歌曲 253,美秀集團,爵士,我們用歌聲反抗，用節奏重生
歌曲 254,滅火器,台灣獨立樂隊,微光閃爍在眼裡，是自由的證明
歌曲 255,老王樂隊,古典樂,那年夏天，我們一起寫下青春的旋律
歌曲 256,康士坦的變化球,流行,微光閃爍在眼裡，是自由的證明
歌曲 257,滅火器,搖滾,風輕輕地吹，思念緩緩地墜
歌曲 258,老王樂隊,民謠,時間啊帶不走的，是你我的夢
歌曲 259,蘇打綠,搖滾,那年夏天，我們一起寫下青春的旋律
歌曲 260,滅火器,古典樂,時間啊帶不走的，是你我的夢
歌曲 261,康士坦的變化球,爵士,我們用歌聲反抗，用節奏重生
歌曲 262,草東沒有派對,嘻哈,時間啊帶不走的，是你我的夢
歌曲 263,康士坦的變化球,搖滾,那年夏天，我們一起寫下青春的旋律
歌曲 264,老王樂隊,流行,風輕輕地吹，思念緩緩地墜
歌曲 265,康士坦的變化球,民謠,時間啊帶不走的，是你我的夢
歌曲 266,蘇打綠,嘻哈,我們用歌聲反抗，用節奏重生
歌曲 267,康士坦的變化球,搖滾,那年夏天，我們一起寫下青春的旋律
歌曲 268,老王樂隊,古典樂,這一刻，世界靜止在音符之中
歌曲 269,草東沒有派對,古典樂,那年夏天，我們一起寫下青春的旋律
歌曲 270,滅火器,台灣獨立樂隊,時間啊帶不走的，是你我的夢
歌曲 271,康士坦的變化球,民謠,讓我牽著你的手，走過城市的盡頭
歌曲 272,草東沒有派對,台灣獨立樂隊,那年夏天，我們一起寫下青春的旋律
歌曲 273,草東沒有派對,電子,這一刻，世界靜止在音符之中
歌曲 274,蘇打綠,流行,那年夏天，我們一起寫下青春的旋律
歌曲 275,康士坦的變化球,流行,時間啊帶不走的，是你我的夢
歌曲 276,椅子樂團,爵士,讓我牽著你的手，走過城市的盡頭
歌曲 277,滅火器,爵士,讓我牽著你的手，走過城市的盡頭
歌曲 278,滅火器,古典樂,這一刻，世界靜止在音符之中
歌曲 279,老王樂隊,民謠,那年夏天，我們一起寫下青春的旋律
歌曲 280,美秀集團,爵士,時間啊帶不走的，是你我的夢
歌曲 281,康士坦的變化球,流行,我們用歌聲反抗，用節奏重生
歌曲 282,滅火器,台灣獨立樂隊,風輕輕地吹，思念緩緩地墜
歌曲 283,椅子樂團,古典樂,那年夏天，我們一起寫下青春的旋律
歌曲 284,美秀集團,古典樂,時間啊帶不走的，是你我的夢
歌曲 285,草東沒有派對,民謠,這一刻，世界靜止在音符之中
歌曲 286,滅火器,嘻哈,微光閃爍在眼裡，是自由的證明
歌曲 287,滅火器,電子,讓我牽著你的手，走過城市的盡頭
歌曲 288,草東沒有派對,台灣獨立樂隊,那年夏天，我們一起寫下青春的旋律
歌曲 289,蘇打綠,電子,微光閃爍在眼裡，是自由的證明
歌曲 290,宇宙人,民謠,我們用歌聲反抗，用節奏重生
歌曲 291,宇宙人,台灣獨立樂隊,那年夏天，我們一起寫下青春的旋律
歌曲 292,椅子樂團,民謠,微光閃爍在眼裡，是自由的證明
歌曲 293,康士坦的變化球,流行,我們用歌聲反抗，用節奏重生
歌曲 294,宇宙人,嘻哈,我們用歌聲反抗，用節奏重生
歌曲 295,康士坦的變化球,台灣獨立樂隊,讓我牽著你的手，走過城市的盡頭
歌曲 296,滅火器,古典樂,讓我牽著你的手，走過城市的盡頭
歌曲 297,椅子樂團,嘻哈,讓我牽著你的手，走過城市的盡頭
歌曲 298,椅子樂團,流行,我們用歌聲反抗，用節奏重生
歌曲 299,椅子樂團,流行,我們用歌聲反抗，用節奏重生
歌曲 300,蘇打綠,嘻哈,我們用歌聲反抗，用節奏重生
歌曲 301,宇宙人,爵士,這一刻，世界靜止在音符之中
歌曲 302,老王樂隊,流行,微光閃爍在眼裡，是自由的證明
歌曲 303,草東沒有派對,古典樂,時間啊帶不走的，是你我的夢
歌曲 304,草東沒有派對,嘻哈,那年夏天，我們一起寫下青春的旋律
歌曲 305,老王樂隊,流行,我們都一樣，在黑夜裡歌唱
歌曲 306,滅火器,民謠,那年夏天，我們一起寫下青春的旋律
歌曲 307,草東沒有派對,流行,我們都一樣，在黑夜裡歌唱
歌曲 308,宇宙人,爵士,風輕輕地吹，思念緩緩地墜
歌曲 309,滅火器,嘻哈,我們用歌聲反抗，用節奏重生
歌曲 310,康士坦的變化球,流行,微光閃爍在眼裡，是自由的證明
歌曲 311,康士坦的變化球,民謠,這一刻，世界靜止在音符之中
歌曲 312,康士坦的變化球,搖滾,我們都一樣，在黑夜裡歌唱
歌曲 313,康士坦的變化球,爵士,我們都一樣，在黑夜裡歌唱
歌曲 314,美秀集團,民謠,我們用歌聲反抗，用節奏重生
歌曲 315,椅子樂團,流行,讓我牽著你的手，走過城市的盡頭
歌曲 316,美秀集團,爵士,讓我牽著你的手，走過城市的盡頭
歌曲 317,滅火器,流行,我們用歌聲反抗，用節奏重生
歌曲 318,蘇打綠,古典樂,那年夏天，我們一起寫下青春的旋律
歌曲 319,宇宙人,電子,那年夏天，我們一起寫下青春的旋律
歌曲 320,草東沒有派對,嘻哈,這一刻，世界靜止在音符之中
歌曲 321,椅子樂團,古典樂,我們都一樣，在黑夜裡歌唱
歌曲 322,蘇打綠,台灣獨立樂隊,這一刻，世界靜止在音符之中
歌曲 323,草東沒有派對,民謠,風輕輕地吹，思念緩緩地墜
歌曲 324,康士坦的變化球,台灣獨立樂隊,微光閃爍在眼裡，是自由的證明
歌曲 325,蘇打綠,古典樂,讓我牽著你的手，走過城市的盡頭
歌曲 326,老王樂隊,搖滾,這一刻，世界靜止在音符之中
歌曲 327,宇宙人,台灣獨立樂隊,我們用歌聲反抗，用節奏重生
歌曲 328,宇宙人,電子,我們用歌聲反抗，用節奏重生
歌曲 329,康士坦的變化球,搖滾,那年夏天，我們一起寫下青春的旋律
歌曲 330,康士坦的變化球,電子,我們用歌聲反抗，用節奏重生
歌曲 331,蘇打綠,爵士,這一刻，世界靜止在音符之中
歌曲 332,老王樂隊,爵士,風輕輕地吹，思念緩緩地墜
歌曲 333,蘇打綠,爵士,時間啊帶不走的，是你我的夢
歌曲 334,草東沒有派對,民謠,我們用歌聲反抗，用節奏重生
歌曲 335,滅火器,爵士,微光閃爍在眼裡，是自由的證明
歌曲 336,美秀集團,古典樂,時間啊帶不走的，是你我的夢
歌曲 337,康士坦的變化球,台灣獨立樂隊,微光閃爍在眼裡，是自由的證明
歌曲 338,滅火器,民謠,我們用歌聲反抗，用節奏重生
歌曲 339,宇宙人,民謠,微光閃爍在眼裡，是自由的證明
歌曲 340,康士坦的變化球,嘻哈,那年夏天，我們一起寫下青春的旋律
歌曲 341,老王樂隊,古典樂,讓我牽著你的手，走過城市的盡頭
歌曲 342,美秀集團,流行,我們都一樣，在黑夜裡歌唱
歌曲 343,椅子樂團,嘻哈,風輕輕地吹，思念緩緩地墜
歌曲 344,草東沒有派對,流行,微光閃爍在眼裡，是自由的證明
歌曲 345,宇宙人,嘻哈,這一刻，世界靜止在音符之中
歌曲 346,蘇打綠,搖滾,我們都一樣，在黑夜裡歌唱
歌曲 347,老王樂隊,流行,微光閃爍在眼裡，是自由的證明
歌曲 348,宇宙人,爵士,時間啊帶不走的，是你我的夢
歌曲 349,草東沒有派對,民謠,時間啊帶不走的，是你我的夢
歌曲 350,椅子樂團,民謠,那年夏天，我們一起寫下青春的旋律
歌曲 351,草東沒有派對,搖滾,微光閃爍在眼裡，是自由的證明
歌曲 352,椅子樂團,電子,微光閃爍在眼裡，是自由的證明
歌曲 353,老王樂隊,嘻哈,微光閃爍在眼裡，是自由的證明
歌曲 354,椅子樂團,古典樂,那年夏天，我們一起寫下青春的旋律
歌曲 355,老王樂隊,台灣獨立樂隊,這一刻，世界靜止在音符之中
歌曲 356,椅子樂團,搖滾,我們都一樣，在黑夜裡歌唱
歌曲 357,老王樂隊,流行,我們都一樣，在黑夜裡歌唱
歌曲 358,康士坦的變化球,電子,微光閃爍在眼裡，是自由的證明
歌曲 359,蘇打綠,搖滾,我們用歌聲反抗，用節奏重生
歌曲 360,康士坦的變化球,台灣獨立樂隊,讓我牽著你的手，走過城市的盡頭
歌曲 361,美秀集團,爵士,時間啊帶不走的，是你我的夢
歌曲 362,草東沒有派對,電子,我們用歌聲反抗，用節奏重生
歌曲 363,滅火器,台灣獨立樂隊,讓我牽著你的手，走過城市的盡頭
歌曲 364,美秀集團,台灣獨立樂隊,這一刻，世界靜止在音符之中
歌曲 365,滅火器,爵士,我們都一樣，在黑夜裡歌唱
歌曲 366,老王樂隊,搖滾,我們用歌聲反抗，用節奏重生
歌曲 367,蘇打綠,電子,微光閃爍在眼裡，是自由的證明
歌曲 368,椅子樂團,民謠,微光閃爍在眼裡，是自由的證明
歌曲 369,草東沒有派對,爵士,風輕輕地吹，思念緩緩地墜
歌曲 370,老王樂隊,民謠,我們用歌聲反抗，用節奏重生
歌曲 371,草東沒有派對,台灣獨立樂隊,我們都一樣，在黑夜裡歌唱
歌曲 372,蘇打綠,電子,讓我牽著你的手，走過城市的盡頭
歌曲 373,椅子樂團,爵士,那年夏天，我們一起寫下青春的旋律
歌曲 374,滅火器,台灣獨立樂隊,微光閃爍在眼裡，是自由的證明
歌曲 375,美秀集團,電子,微光閃爍在眼裡，是自由的證明
歌曲 376,滅火器,嘻哈,我們都一樣，在黑夜裡歌唱
歌曲 377,宇宙人,嘻哈,我們用歌聲反抗，用節奏重生
歌曲 378,老王樂隊,民謠,那年夏天，我們一起寫下青春的旋律
歌曲 379,宇宙人,電子,我們都一樣，在黑夜裡歌唱
歌曲 380,宇宙人,流行,風輕輕地吹，思念緩緩地墜
歌曲 381,康士坦的變化球,搖滾,我們用歌聲反抗，用節奏重生
歌曲 382,滅火器,搖滾,讓我牽著你的手，走過城市的盡頭
歌曲 383,美秀集團,流行,那年夏天，我們一起寫下青春的旋律
歌曲 384,草東沒有派對,電子,風輕輕地吹，思念緩緩地墜
歌曲 385,宇宙人,流行,我們用歌聲反抗，用節奏重生
歌曲 386,宇宙人,電子,讓我牽著你的手，走過城市的盡頭
歌曲 387,美秀集團,台灣獨立樂隊,我們都一樣，在黑夜裡歌唱
歌曲 388,滅火器,台灣獨立樂隊,我們都一樣，在黑夜裡歌唱
歌曲 389,滅火器,嘻哈,這一刻，世界靜止在音符之中
歌曲 390,康士坦的變化球,流行,時間啊帶不走的，是你我的夢
歌曲 391,康士坦的變化球,嘻哈,時間啊帶不走的，是你我的夢
歌曲 392,宇宙人,搖滾,時間啊帶不走的，是你我的夢
歌曲 393,蘇打綠,流行,這一刻，世界靜止在音符之中
歌曲 394,康士坦的變化球,古典樂,那年夏天，我們一起寫下青春的旋律
歌曲 395,康士坦的變化球,古典樂,我們都一樣，在黑夜裡歌唱
歌曲 396,宇宙人,搖滾,讓我牽著你的手，走過城市的盡頭
歌曲 397,老王樂隊,嘻哈,讓我牽著你的手，走過城市的盡頭
歌曲 398,宇宙人,古典樂,我們都一樣，在黑夜裡歌唱
歌曲 399,蘇打綠,流行,風輕輕地吹，思念緩緩地墜
歌曲 400,滅火器,搖滾,微光閃爍在眼裡，是自由的證明
歌曲 401,宇宙人,嘻哈,風輕輕地吹，思念緩緩地墜
歌曲 402,美秀集團,爵士,我們用歌聲反抗，用節奏重生
歌曲 403,康士坦的變化球,搖滾,這一刻，世界靜止在音符之中
歌曲 404,草東沒有派對,電子,那年夏天，我們一起寫下青春的旋律
歌曲 405,草東沒有派對,電子,微光閃爍在眼裡，是自由的證明
歌曲 406,滅火器,民謠,我們都一樣，在黑夜裡歌唱
歌曲 407,康士坦的變化球,台灣獨立樂隊,我們都一樣，在黑夜裡歌唱
歌曲 408,草東沒有派對,流行,那年夏天，我們一起寫下青春的旋律
歌曲 409,草東沒有派對,爵士,我們用歌聲反抗，用節奏重生
歌曲 410,美秀集團,民謠,我們用歌聲反抗，用節奏重生
歌曲 411,蘇打綠,民謠,時間啊帶不走的，是你我的夢
歌曲 412,草東沒有派對,搖滾,這一刻，世界靜止在音符之中
歌曲 413,康士坦的變化球,台灣獨立樂隊,風輕輕地吹，思念緩緩地墜
歌曲 414,草東沒有派對,搖滾,我們用歌聲反抗，用節奏重生
歌曲 415,滅火器,電子,讓我牽著你的手，走過城市的盡頭
歌曲 416,滅火器,電子,這一刻，世界靜止在音符之中
歌曲 417,草東沒有派對,搖滾,時間啊帶不走的，是你我的夢
歌曲 418,蘇打綠,電子,時間啊帶不走的，是你我的夢
歌曲 419,滅火器,古典樂,這一刻，世界靜止在音符之中
歌曲 420,椅子樂團,嘻哈,時間啊帶不走的，是你我的夢
歌曲 421,康士坦的變化球,流行,我們都一樣，在黑夜裡歌唱
歌曲 422,康士坦的變化球,爵士,我們用歌聲反抗，用節奏重生
歌曲 423,椅子樂團,搖滾,微光閃爍在眼裡，是自由的證明
歌曲 424,滅火器,民謠,風輕輕地吹，思念緩緩地墜
歌曲 425,草東沒有派對,電子,那年夏天，我們一起寫下青春的旋律
歌曲 426,蘇打綠,電子,微光閃爍在眼裡，是自由的證明
歌曲 427,蘇打綠,搖滾,我們都一樣，在黑夜裡歌唱
歌曲 428,宇宙人,古典樂,我們都一樣，在黑夜裡歌唱
歌曲 429,老王樂隊,古典樂,這一刻，世界靜止在音符之中
歌曲 430,宇宙人,民謠,這一刻，世界靜止在音符之中
歌曲 431,宇宙人,嘻哈,我們用歌聲反抗，用節奏重生
歌曲 432,草東沒有派對,嘻哈,那年夏天，我們一起寫下青春的旋律
歌曲 433,老王樂隊,古典樂,微光閃爍在眼裡，是自由的證明
歌曲 434,滅火器,電子,我們用歌聲反抗，用節奏重生
歌曲 435,老王樂隊,古典樂,微光閃爍在眼裡，是自由的證明
歌曲 436,康士坦的變化球,流行,微光閃爍在眼裡，是自由的證明
歌曲 437,蘇打綠,爵士,我們用歌聲反抗，用節奏重生
歌曲 438,椅子樂團,民謠,風輕輕地吹，思念緩緩地墜
歌曲 439,椅子樂團,爵士,那年夏天，我們一起寫下青春的旋律
歌曲 440,老王樂隊,古典樂,我們都一樣，在黑夜裡歌唱
歌曲 441,椅子樂團,古典樂,時間啊帶不走的，是你我的夢
歌曲 442,蘇打綠,流行,風輕輕地吹，思念緩緩地墜
歌曲 443,老王樂隊,古典樂,時間啊帶不走的，是你我的夢
歌曲 444,宇宙人,台灣獨立樂隊,讓我牽著你的手，走過城市的盡頭
歌曲 445,椅子樂團,流行,時間啊帶不走的，是你我的夢
歌曲 446,滅火器,爵士,這一刻，世界靜止在音符之中
歌曲 447,美秀集團,台灣獨立樂隊,風輕輕地吹，思念緩緩地墜
歌曲 448,滅火器,爵士,讓我牽著你的手，走過城市的盡頭
歌曲 449,椅子樂團,電子,時間啊帶不走的，是你我的夢
歌曲 450,美秀集團,民謠,風輕輕地吹，思念緩緩地墜
歌曲 451,宇宙人,流行,這一刻，世界靜止在音符之中
歌曲 452,草東沒有派對,台灣獨立樂隊,風輕輕地吹，思念緩緩地墜
歌曲 453,草東沒有派對,爵士,微光閃爍在眼裡，是自由的證明
歌曲 454,美秀集團,流行,這一刻，世界靜止在音符之中
歌曲 455,老王樂隊,搖滾,時間啊帶不走的，是你我的夢
歌曲 456,草東沒有派對,流行,讓我牽著你的手，走過城市的盡頭
歌曲 457,康士坦的變化球,民謠,那年夏天，我們一起寫下青春的旋律
歌曲 458,椅子樂團,台灣獨立樂隊,讓我牽著你的手，走過城市的盡頭
歌曲 459,椅子樂團,流行,讓我牽著你的手，走過城市的盡頭
歌曲 460,美秀集團,流行,這一刻，世界靜止在音符之中
歌曲 461,老王樂隊,古典樂,時間啊帶不走的，是你我的夢
歌曲 462,滅火器,嘻哈,微光閃爍在眼裡，是自由的證明
歌曲 463,宇宙人,古典樂,讓我牽著你的手，走過城市的盡頭
歌曲 464,蘇打綠,流行,我們都一樣，在黑夜裡歌唱
歌曲 465,椅子樂團,流行,風輕輕地吹，思念緩緩地墜
歌曲 466,老王樂隊,電子,微光閃爍在眼裡，是自由的證明
歌曲 467,滅火器,古典樂,讓我牽著你的手，走過城市的盡頭
歌曲 468,老王樂隊,爵士,這一刻，世界靜止在音符之中
歌曲 469,蘇打綠,流行,讓我牽著你的手，走過城市的盡頭
歌曲 470,蘇打綠,嘻哈,讓我牽著你的手，走過城市的盡頭
歌曲 471,美秀集團,搖滾,那年夏天，我們一起寫下青春的旋律
歌曲 472,蘇打綠,台灣獨立樂隊,時間啊帶不走的，是你我的夢
歌曲 473,美秀集團,古典樂,我們用歌聲反抗，用節奏重生
歌曲 474,美秀集團,電子,這一刻，世界靜止在音符之中
歌曲 475,老王樂隊,民謠,微光閃爍在眼裡，是自由的證明
歌曲 476,椅子樂團,古典樂,我們用歌聲反抗，用節奏重生
歌曲 477,蘇打綠,嘻哈,這一刻，世界靜止在音符之中
歌曲 478,老王樂隊,爵士,那年夏天，我們一起寫下青春的旋律
歌曲 479,宇宙人,古典樂,我們都一樣，在黑夜裡歌唱
歌曲 480,椅子樂團,嘻哈,微光閃爍在眼裡，是自由的證明
歌曲 481,滅火器,流行,我們都一樣，在黑夜裡歌唱
歌曲 482,老王樂隊,古典樂,微光閃爍在眼裡，是自由的證明
歌曲 483,康士坦的變化球,搖滾,風輕輕地吹，思念緩緩地墜
歌曲 484,椅子樂團,電子,微光閃爍在眼裡，是自由的證明
歌曲 485,美秀集團,流行,時間啊帶不走的，是你我的夢
歌曲 486,美秀集團,爵士,我們都一樣，在黑夜裡歌唱
歌曲 487,美秀集團,電子,時間啊帶不走的，是你我的夢
歌曲 488,椅子樂團,民謠,微光閃爍在眼裡，是自由的證明
歌曲 489,美秀集團,流行,微光閃爍在眼裡，是自由的證明
歌曲 490,康士坦的變化球,古典樂,時間啊帶不走的，是你我的夢
歌曲 491,草東沒有派對,嘻哈,微光閃爍在眼裡，是自由的證明
歌曲 492,草東沒有派對,嘻哈,我們用歌聲反抗，用節奏重生
歌曲 493,蘇打綠,民謠,這一刻，世界靜止在音符之中
歌曲 494,宇宙人,台灣獨立樂隊,微光閃爍在眼裡，是自由的證明
歌曲 495,老王樂隊,台灣獨立樂隊,那年夏天，我們一起寫下青春的旋律
歌曲 496,美秀集團,古典樂,那年夏天，我們一起寫下青春的旋律
歌曲 497,蘇打綠,台灣獨立樂隊,那年夏天，我們一起寫下青春的旋律
歌曲 498,康士坦的變化球,爵士,微光閃爍在眼裡，是自由的證明
歌曲 499,蘇打綠,流行,微光閃爍在眼裡，是自由的證明
歌曲 500,滅火器,民謠,那年夏天，我們一起寫下青春的旋律
歌曲 501,滅火器,民謠,這一刻，世界靜止在音符之中
歌曲 502,椅子樂團,流行,我們用歌聲反抗，用節奏重生
歌曲 503,康士坦的變化球,嘻哈,風輕輕地吹，思念緩緩地墜
歌曲 504,草東沒有派對,搖滾,風輕輕地吹，思念緩緩地墜
歌曲 505,老王樂隊,爵士,微光閃爍在眼裡，是自由的證明
歌曲 506,椅子樂團,嘻哈,風輕輕地吹，思念緩緩地墜
歌曲 507,宇宙人,嘻哈,時間啊帶不走的，是你我的夢
歌曲 508,滅火器,台灣獨立樂隊,讓我牽著你的手，走過城市的盡頭
歌曲 509,滅火器,嘻哈,讓我牽著你的手，走過城市的盡頭
歌曲 510,草東沒有派對,流行,時間啊帶不走的，是你我的夢
歌曲 511,老王樂隊,流行,我們都一樣，在黑夜裡歌唱
歌曲 512,老王樂隊,搖滾,我們都一樣，在黑夜裡歌唱
歌曲 513,美秀集團,電子,風輕輕地吹，思念緩緩地墜
歌曲 514,草東沒有派對,爵士,我們用歌聲反抗，用節奏重生
歌曲 515,美秀集團,搖滾,我們用歌聲反抗，用節奏重生
歌曲 516,椅子樂團,台灣獨立樂隊,這一刻，世界靜止在音符之中
歌曲 517,草東沒有派對,古典樂,風輕輕地吹，思念緩緩地墜
歌曲 518,康士坦的變化球,搖滾,我們都一樣，在黑夜裡歌唱
歌曲 519,康士坦的變化球,搖滾,那年夏天，我們一起寫下青春的旋律
歌曲 520,美秀集團,台灣獨立樂隊,微光閃爍在眼裡，是自由的證明
歌曲 521,草東沒有派對,台灣獨立樂隊,讓我牽著你的手，走過城市的盡頭
歌曲 522,草東沒有派對,流行,時間啊帶不走的，是你我的夢
歌曲 523,椅子樂團,搖滾,我們用歌聲反抗，用節奏重生
歌曲 524,美秀集團,爵士,讓我牽著你的手，走過城市的盡頭
歌曲 525,康士坦的變化球,爵士,時間啊帶不走的，是你我的夢
歌曲 526,康士坦的變化球,爵士,這一刻，世界靜止在音符之中
歌曲 527,椅子樂團,電子,讓我牽著你的手，走過城市的盡頭
歌曲 528,椅子樂團,嘻哈,時間啊帶不走的，是你我的夢
歌曲 529,滅火器,流行,微光閃爍在眼裡，是自由的證明
歌曲 530,蘇打綠,搖滾,微光閃爍在眼裡，是自由的證明
歌曲 531,滅火器,古典樂,風輕輕地吹，思念緩緩地墜
歌曲 532,草東沒有派對,電子,讓我牽著你的手，走過城市的盡頭
歌曲 533,宇宙人,嘻哈,這一刻，世界靜止在音符之中
歌曲 534,宇宙人,古典樂,那年夏天，我們一起寫下青春的旋律
歌曲 535,草東沒有派對,爵士,微光閃爍在眼裡，是自由的證明
歌曲 536,蘇打綠,古典樂,我們都一樣，在黑夜裡歌唱
歌曲 537,美秀集團,嘻哈,這一刻，世界靜止在音符之中
歌曲 538,美秀集團,古典樂,這一刻，世界靜止在音符之中
歌曲 539,蘇打綠,民謠,那年夏天，我們一起寫下青春的旋律
歌曲 540,草東沒有派對,台灣獨立樂隊,微光閃爍在眼裡，是自由的證明
歌曲 541,草東沒有派對,電子,這一刻，世界靜止在音符之中
歌曲 542,老王樂隊,古典樂,這一刻，世界靜止在音符之中
歌曲 543,宇宙人,流行,讓我牽著你的手，走過城市的盡頭
歌曲 544,康士坦的變化球,搖滾,我們用歌聲反抗，用節奏重生
歌曲 545,草東沒有派對,搖滾,微光閃爍在眼裡，是自由的證明
歌曲 546,滅火器,民謠,風輕輕地吹，思念緩緩地墜
歌曲 547,老王樂隊,流行,時間啊帶不走的，是你我的夢
歌曲 548,康士坦的變化球,民謠,我們都一樣，在黑夜裡歌唱
歌曲 549,宇宙人,搖滾,我們用歌聲反抗，用節奏重生
歌曲 550,老王樂隊,古典樂,我們都一樣，在黑夜裡歌唱
歌曲 551,美秀集團,台灣獨立樂隊,那年夏天，我們一起寫下青春的旋律
歌曲 552,蘇打綠,民謠,風輕輕地吹，思念緩緩地墜
歌曲 553,宇宙人,台灣獨立樂隊,我們用歌聲反抗，用節奏重生
歌曲 554,草東沒有派對,嘻哈,那年夏天，我們一起寫下青春的旋律
歌曲 555,老王樂隊,嘻哈,微光閃爍在眼裡，是自由的證明
歌曲 556,宇宙人,民謠,那年夏天，我們一起寫下青春的旋律
歌曲 557,宇宙人,古典樂,風輕輕地吹，思念緩緩地墜
歌曲 558,滅火器,搖滾,我們都一樣，在黑夜裡歌唱
歌曲 559,美秀集團,台灣獨立樂隊,我們都一樣，在黑夜裡歌唱
歌曲 560,康士坦的變化球,古典樂,風輕輕地吹，思念緩緩地墜
歌曲 561,蘇打綠,民謠,讓我牽著你的手，走過城市的盡頭
歌曲 562,蘇打綠,嘻哈,讓我牽著你的手，走過城市的盡頭
歌曲 563,蘇打綠,民謠,我們都一樣，在黑夜裡歌唱
歌曲 564,椅子樂團,台灣獨立樂隊,我們都一樣，在黑夜裡歌唱
歌曲 565,美秀集團,台灣獨立樂隊,讓我牽著你的手，走過城市的盡頭
歌曲 566,康士坦的變化球,搖滾,這一刻，世界靜止在音符之中
歌曲 567,美秀集團,電子,微光閃爍在眼裡，是自由的證明
歌曲 568,宇宙人,台灣獨立樂隊,時間啊帶不走的，是你我的夢
歌曲 569,椅子樂團,民謠,我們用歌聲反抗，用節奏重生
歌曲 570,美秀集團,民謠,風輕輕地吹，思念緩緩地墜
歌曲 571,老王樂隊,嘻哈,時間啊帶不走的，是你我的夢
歌曲 572,康士坦的變化球,爵士,我們用歌聲反抗，用節奏重生
歌曲 573,蘇打綠,台灣獨立樂隊,微光閃爍在眼裡，是自由的證明
歌曲 574,康士坦的變化球,電子,微光閃爍在眼裡，是自由的證明
歌曲 575,康士坦的變化球,爵士,這一刻，世界靜止在音符之中
歌曲 576,蘇打綠,流行,時間啊帶不走的，是你我的夢
歌曲 577,草東沒有派對,電子,這一刻，世界靜止在音符之中
歌曲 578,康士坦的變化球,電子,我們都一樣，在黑夜裡歌唱
歌曲 579,美秀集團,爵士,微光閃爍在眼裡，是自由的證明
歌曲 580,蘇打綠,搖滾,那年夏天，我們一起寫下青春的旋律
歌曲 581,椅子樂團,流行,這一刻，世界靜止在音符之中
歌曲 582,蘇打綠,民謠,我們用歌聲反抗，用節奏重生
歌曲 583,康士坦的變化球,古典樂,那年夏天，我們一起寫下青春的旋律
歌曲 584,滅火器,電子,這一刻，世界靜止在音符之中
歌曲 585,宇宙人,民謠,我們都一樣，在黑夜裡歌唱
歌曲 586,老王樂隊,流行,讓我牽著你的手，走過城市的盡頭
歌曲 587,滅火器,民謠,我們都一樣，在黑夜裡歌唱
歌曲 588,老王樂隊,古典樂,我們用歌聲反抗，用節奏重生
歌曲 589,滅火器,古典樂,那年夏天，我們一起寫下青春的旋律
歌曲 590,老王樂隊,電子,讓我牽著你的手，走過城市的盡頭
歌曲 591,椅子樂團,搖滾,我們都一樣，在黑夜裡歌唱
歌曲 592,草東沒有派對,台灣獨立樂隊,時間啊帶不走的，是你我的夢
歌曲 593,草東沒有派對,搖滾,這一刻，世界靜止在音符之中
歌曲 594,宇宙人,電子,那年夏天，我們一起寫下青春的旋律
歌曲 595,蘇打綠,搖滾,我們都一樣，在黑夜裡歌唱
歌曲 596,老王樂隊,民謠,時間啊帶不走的，是你我的夢
歌曲 597,椅子樂團,搖滾,我們用歌聲反抗，用節奏重生
歌曲 598,老王樂隊,台灣獨立樂隊,時間啊帶不走的，是你我的夢
歌曲 599,老王樂隊,流行,微光閃爍在眼裡，是自由的證明
歌曲 600,美秀集團,民謠,我們用歌聲反抗，用節奏重生
歌曲 601,蘇打綠,流行,時間啊帶不走的，是你我的夢
歌曲 602,老王樂隊,爵士,我們都一樣，在黑夜裡歌唱
歌曲 603,椅子樂團,台灣獨立樂隊,我們用歌聲反抗，用節奏重生
歌曲 604,蘇打綠,台灣獨立樂隊,讓我牽著你的手，走過城市的盡頭
歌曲 605,草東沒有派對,古典樂,我們都一樣，在黑夜裡歌唱
歌曲 606,美秀集團,電子,這一刻，世界靜止在音符之中
歌曲 607,蘇打綠,搖滾,風輕輕地吹，思念緩緩地墜
歌曲 608,老王樂隊,流行,微光閃爍在眼裡，是自由的證明
歌曲 609,康士坦的變化球,台灣獨立樂隊,時間啊帶不走的，是你我的夢
歌曲 610,椅子樂團,古典樂,時間啊帶不走的，是你我的夢
歌曲 611,草東沒有派對,嘻哈,這一刻，世界靜止在音符之中
歌曲 612,美秀集團,民謠,時間啊帶不走的，是你我的夢
歌曲 613,草東沒有派對,民謠,我們都一樣，在黑夜裡歌唱
歌曲 614,滅火器,電子,我們都一樣，在黑夜裡歌唱
歌曲 615,宇宙人,搖滾,風輕輕地吹，思念緩緩地墜
歌曲 616,椅子樂團,爵士,讓我牽著你的手，走過城市的盡頭
歌曲 617,草東沒有派對,電子,我們都一樣，在黑夜裡歌唱
歌曲 618,草東沒有派對,民謠,我們都一樣，在黑夜裡歌唱
歌曲 619,康士坦的變化球,爵士,這一刻，世界靜止在音符之中
歌曲 620,康士坦的變化球,古典樂,時間啊帶不走的，是你我的夢
歌曲 621,椅子樂團,嘻哈,風輕輕地吹，思念緩緩地墜
歌曲 622,宇宙人,搖滾,那年夏天，我們一起寫下青春的旋律
歌曲 623,宇宙人,古典樂,這一刻，世界靜止在音符之中
歌曲 624,蘇打綠,民謠,讓我牽著你的手，走過城市的盡頭
歌曲 625,美秀集團,台灣獨立樂隊,那年夏天，我們一起寫下青春的旋律
歌曲 626,滅火器,流行,微光閃爍在眼裡，是自由的證明
歌曲 627,滅火器,流行,讓我牽著你的手，走過城市的盡頭
歌曲 628,草東沒有派對,民謠,時間啊帶不走的，是你我的夢
歌曲 629,蘇打綠,民謠,這一刻，世界靜止在音符之中
歌曲 630,蘇打綠,古典樂,那年夏天，我們一起寫下青春的旋律
歌曲 631,滅火器,台灣獨立樂隊,我們都一樣，在黑夜裡歌唱
歌曲 632,老王樂隊,爵士,那年夏天，我們一起寫下青春的旋律
歌曲 633,滅火器,電子,風輕輕地吹，思念緩緩地墜
歌曲 634,草東沒有派對,流行,我們用歌聲反抗，用節奏重生
歌曲 635,蘇打綠,電子,時間啊帶不走的，是你我的夢
歌曲 636,宇宙人,嘻哈,我們用歌聲反抗，用節奏重生
歌曲 637,美秀集團,台灣獨立樂隊,這一刻，世界靜止在音符之中
歌曲 638,蘇打綠,流行,這一刻，世界靜止在音符之中
歌曲 639,蘇打綠,民謠,讓我牽著你的手，走過城市的盡頭
歌曲 640,椅子樂團,爵士,時間啊帶不走的，是你我的夢
歌曲 641,椅子樂團,古典樂,我們用歌聲反抗，用節奏重生
歌曲 642,老王樂隊,流行,風輕輕地吹，思念緩緩地墜
歌曲 643,宇宙人,台灣獨立樂隊,這一刻，世界靜止在音符之中
歌曲 644,蘇打綠,搖滾,我們都一樣，在黑夜裡歌唱
歌曲 645,康士坦的變化球,爵士,讓我牽著你的手，走過城市的盡頭
歌曲 646,宇宙人,嘻哈,讓我牽著你的手，走過城市的盡頭
歌曲 647,蘇打綠,流行,那年夏天，我們一起寫下青春的旋律
歌曲 648,美秀集團,流行,我們用歌聲反抗，用節奏重生
歌曲 649,宇宙人,嘻哈,這一刻，世界靜止在音符之中
歌曲 650,蘇打綠,流行,微光閃爍在眼裡，是自由的證明
歌曲 651,宇宙人,台灣獨立樂隊,風輕輕地吹，思念緩緩地墜
歌曲 652,美秀集團,流行,我們都一樣，在黑夜裡歌唱
歌曲 653,草東沒有派對,電子,讓我牽著你的手，走過城市的盡頭
歌曲 654,美秀集團,古典樂,風輕輕地吹，思念緩緩地墜
歌曲 655,椅子樂團,流行,這一刻，世界靜止在音符之中
歌曲 656,美秀集團,嘻哈,這一刻，世界靜止在音符之中
歌曲 657,滅火器,古典樂,時間啊帶不走的，是你我的夢
歌曲 658,老王樂隊,爵士,我們用歌聲反抗，用節奏重生
歌曲 659,滅火器,搖滾,時間啊帶不走的，是你我的夢
歌曲 660,椅子樂團,流行,這一刻，世界靜止在音符之中
歌曲 661,草東沒有派對,民謠,微光閃爍在眼裡，是自由的證明
歌曲 662,老王樂隊,民謠,我們都一樣，在黑夜裡歌唱
歌曲 663,椅子樂團,爵士,我們都一樣，在黑夜裡歌唱
歌曲 664,美秀集團,民謠,讓我牽著你的手，走過城市的盡頭
歌曲 665,康士坦的變化球,流行,我們都一樣，在黑夜裡歌唱
歌曲 666,草東沒有派對,爵士,微光閃爍在眼裡，是自由的證明
歌曲 667,康士坦的變化球,搖滾,那年夏天，我們一起寫下青春的旋律
歌曲 668,草東沒有派對,搖滾,我們都一樣，在黑夜裡歌唱
歌曲 669,滅火器,流行,我們用歌聲反抗，用節奏重生
歌曲 670,草東沒有派對,民謠,時間啊帶不走的，是你我的夢
歌曲 671,宇宙人,嘻哈,微光閃爍在眼裡，是自由的證明
歌曲 672,美秀集團,古典樂,風輕輕地吹，思念緩緩地墜
歌曲 673,宇宙人,流行,這一刻，世界靜止在音符之中
歌曲 674,康士坦的變化球,流行,讓我牽著你的手，走過城市的盡頭
歌曲 675,康士坦的變化球,台灣獨立樂隊,那年夏天，我們一起寫下青春的旋律
歌曲 676,草東沒有派對,電子,我們都一樣，在黑夜裡歌唱
歌曲 677,椅子樂團,古典樂,微光閃爍在眼裡，是自由的證明
歌曲 678,滅火器,台灣獨立樂隊,那年夏天，我們一起寫下青春的旋律
歌曲 679,康士坦的變化球,搖滾,我們用歌聲反抗，用節奏重生
歌曲 680,蘇打綠,古典樂,我們用歌聲反抗，用節奏重生
歌曲 681,康士坦的變化球,古典樂,讓我牽著你的手，走過城市的盡頭
歌曲 682,椅子樂團,民謠,時間啊帶不走的，是你我的夢
歌曲 683,宇宙人,嘻哈,我們用歌聲反抗，用節奏重生
歌曲 684,草東沒有派對,流行,我們都一樣，在黑夜裡歌唱
歌曲 685,草東沒有派對,流行,風輕輕地吹，思念緩緩地墜
歌曲 686,椅子樂團,民謠,讓我牽著你的手，走過城市的盡頭
歌曲 687,宇宙人,嘻哈,這一刻，世界靜止在音符之中
歌曲 688,康士坦的變化球,爵士,讓我牽著你的手，走過城市的盡頭
歌曲 689,蘇打綠,搖滾,我們都一樣，在黑夜裡歌唱
歌曲 690,康士坦的變化球,台灣獨立樂隊,微光閃爍在眼裡，是自由的證明
歌曲 691,宇宙人,流行,微光閃爍在眼裡，是自由的證明
歌曲 692,老王樂隊,搖滾,風輕輕地吹，思念緩緩地墜
歌曲 693,宇宙人,流行,讓我牽著你的手，走過城市的盡頭
歌曲 694,康士坦的變化球,爵士,微光閃爍在眼裡，是自由的證明
歌曲 695,草東沒有派對,爵士,風輕輕地吹，思念緩緩地墜
歌曲 696,美秀集團,流行,風輕輕地吹，思念緩緩地墜
歌曲 697,宇宙人,古典樂,讓我牽著你的手，走過城市的盡頭
歌曲 698,椅子樂團,民謠,時間啊帶不走的，是你我的夢
歌曲 699,老王樂隊,台灣獨立樂隊,微光閃爍在眼裡，是自由的證明
歌曲 700,蘇打綠,電子,微光閃爍在眼裡，是自由的證明
歌曲 701,草東沒有派對,台灣獨立樂隊,時間啊帶不走的，是你我的夢
歌曲 702,宇宙人,搖滾,我們用歌聲反抗，用節奏重生
歌曲 703,蘇打綠,流行,這一刻，世界靜止在音符之中
歌曲 704,蘇打綠,爵士,這一刻，世界靜止在音符之中
歌曲 705,美秀集團,爵士,我們都一樣，在黑夜裡歌唱
歌曲 706,椅子樂團,民謠,我們用歌聲反抗，用節奏重生
歌曲 707,宇宙人,搖滾,風輕輕地吹，思念緩緩地墜
歌曲 708,美秀集團,流行,讓我牽著你的手，走過城市的盡頭
歌曲 709,椅子樂團,台灣獨立樂隊,我們用歌聲反抗，用節奏重生
歌曲 710,康士坦的變化球,搖滾,讓我牽著你的手，走過城市的盡頭
歌曲 711,草東沒有派對,電子,風輕輕地吹，思念緩緩地墜
歌曲 712,康士坦的變化球,流行,微光閃爍在眼裡，是自由的證明
歌曲 713,滅火器,流行,時間啊帶不走的，是你我的夢
歌曲 714,滅火器,搖滾,我們都一樣，在黑夜裡歌唱
歌曲 715,草東沒有派對,搖滾,我們用歌聲反抗，用節奏重生
歌曲 716,美秀集團,電子,這一刻，世界靜止在音符之中
歌曲 717,滅火器,古典樂,讓我牽著你的手，走過城市的盡頭
歌曲 718,椅子樂團,流行,風輕輕地吹，思念緩緩地墜
歌曲 719,滅火器,流行,時間啊帶不走的，是你我的夢
歌曲 720,蘇打綠,古典樂,時間啊帶不走的，是你我的夢
歌曲 721,草東沒有派對,古典樂,我們都一樣，在黑夜裡歌唱
歌曲 722,蘇打綠,民謠,這一刻，世界靜止在音符之中
歌曲 723,美秀集團,民謠,風輕輕地吹，思念緩緩地墜
歌曲 724,草東沒有派對,搖滾,讓我牽著你的手，走過城市的盡頭
歌曲 725,蘇打綠,流行,風輕輕地吹，思念緩緩地墜
歌曲 726,滅火器,流行,微光閃爍在眼裡，是自由的證明
歌曲 727,滅火器,民謠,這一刻，世界靜止在音符之中
歌曲 728,滅火器,流行,風輕輕地吹，思念緩緩地墜
歌曲 729,美秀集團,古典樂,我們用歌聲反抗，用節奏重生
歌曲 730,宇宙人,民謠,我們用歌聲反抗，用節奏重生
歌曲 731,蘇打綠,電子,時間啊帶不走的，是你我的夢
歌曲 732,美秀集團,嘻哈,風輕輕地吹，思念緩緩地墜
歌曲 733,康士坦的變化球,電子,讓我牽著你的手，走過城市的盡頭
歌曲 734,椅子樂團,搖滾,風輕輕地吹，思念緩緩地墜
歌曲 735,美秀集團,嘻哈,這一刻，世界靜止在音符之中
歌曲 736,美秀集團,台灣獨立樂隊,這一刻，世界靜止在音符之中
歌曲 737,老王樂隊,台灣獨立樂隊,那年夏天，我們一起寫下青春的旋律
歌曲 738,康士坦的變化球,爵士,我們都一樣，在黑夜裡歌唱
歌曲 739,滅火器,電子,時間啊帶不走的，是你我的夢
歌曲 740,草東沒有派對,民謠,這一刻，世界靜止在音符之中
歌曲 741,椅子樂團,搖滾,那年夏天，我們一起寫下青春的旋律
歌曲 742,椅子樂團,古典樂,讓我牽著你的手，走過城市的盡頭
歌曲 743,椅子樂團,電子,我們都一樣，在黑夜裡歌唱
歌曲 744,椅子樂團,台灣獨立樂隊,時間啊帶不走的，是你我的夢
歌曲 745,美秀集團,爵士,那年夏天，我們一起寫下青春的旋律
歌曲 746,康士坦的變化球,搖滾,我們都一樣，在黑夜裡歌唱
歌曲 747,老王樂隊,古典樂,讓我牽著你的手，走過城市的盡頭
歌曲 748,椅子樂團,古典樂,讓我牽著你的手，走過城市的盡頭
歌曲 749,康士坦的變化球,古典樂,時間啊帶不走的，是你我的夢
歌曲 750,宇宙人,古典樂,我們用歌聲反抗，用節奏重生
歌曲 751,美秀集團,古典樂,風輕輕地吹，思念緩緩地墜
歌曲 752,宇宙人,嘻哈,微光閃爍在眼裡，是自由的證明
歌曲 753,草東沒有派對,嘻哈,那年夏天，我們一起寫下青春的旋律
歌曲 754,滅火器,古典樂,我們用歌聲反抗，用節奏重生
歌曲 755,康士坦的變化球,電子,微光閃爍在眼裡，是自由的證明
歌曲 756,椅子樂團,台灣獨立樂隊,時間啊帶不走的，是你我的夢
歌曲 757,滅火器,民謠,時間啊帶不走的，是你我的夢
歌曲 758,椅子樂團,台灣獨立樂隊,讓我牽著你的手，走過城市的盡頭
歌曲 759,宇宙人,流行,風輕輕地吹，思念緩緩地墜
歌曲 760,宇宙人,嘻哈,讓我牽著你的手，走過城市的盡頭
歌曲 761,美秀集團,電子,我們用歌聲反抗，用節奏重生
歌曲 762,蘇打綠,台灣獨立樂隊,這一刻，世界靜止在音符之中
歌曲 763,宇宙人,台灣獨立樂隊,那年夏天，我們一起寫下青春的旋律
歌曲 764,宇宙人,搖滾,微光閃爍在眼裡，是自由的證明
歌曲 765,美秀集團,嘻哈,這一刻，世界靜止在音符之中
歌曲 766,康士坦的變化球,流行,讓我牽著你的手，走過城市的盡頭
歌曲 767,滅火器,古典樂,這一刻，世界靜止在音符之中
歌曲 768,康士坦的變化球,民謠,微光閃爍在眼裡，是自由的證明
歌曲 769,椅子樂團,古典樂,微光閃爍在眼裡，是自由的證明
歌曲 770,椅子樂團,嘻哈,那年夏天，我們一起寫下青春的旋律
歌曲 771,椅子樂團,台灣獨立樂隊,我們都一樣，在黑夜裡歌唱
歌曲 772,美秀集團,古典樂,時間啊帶不走的，是你我的夢
歌曲 773,康士坦的變化球,台灣獨立樂隊,我們用歌聲反抗，用節奏重生
歌曲 774,椅子樂團,台灣獨立樂隊,讓我牽著你的手，走過城市的盡頭
歌曲 775,康士坦的變化球,嘻哈,我們都一樣，在黑夜裡歌唱
歌曲 776,椅子樂團,古典樂,我們都一樣，在黑夜裡歌唱
歌曲 777,老王樂隊,古典樂,風輕輕地吹，思念緩緩地墜
歌曲 778,椅子樂團,古典樂,那年夏天，我們一起寫下青春的旋律
歌曲 779,蘇打綠,爵士,這一刻，世界靜止在音符之中
歌曲 780,滅火器,流行,我們都一樣，在黑夜裡歌唱
歌曲 781,美秀集團,嘻哈,我們用歌聲反抗，用節奏重生
歌曲 782,康士坦的變化球,嘻哈,時間啊帶不走的，是你我的夢
歌曲 783,老王樂隊,電子,這一刻，世界靜止在音符之中
歌曲 784,草東沒有派對,搖滾,那年夏天，我們一起寫下青春的旋律
歌曲 785,蘇打綠,搖滾,我們用歌聲反抗，用節奏重生
歌曲 786,康士坦的變化球,民謠,這一刻，世界靜止在音符之中
歌曲 787,蘇打綠,古典樂,我們用歌聲反抗，用節奏重生
歌曲 788,老王樂隊,台灣獨立樂隊,風輕輕地吹，思念緩緩地墜
歌曲 789,滅火器,流行,我們用歌聲反抗，用節奏重生
歌曲 790,蘇打綠,流行,我們都一樣，在黑夜裡歌唱
歌曲 791,美秀集團,台灣獨立樂隊,我們都一樣，在黑夜裡歌唱
歌曲 792,草東沒有派對,流行,我們用歌聲反抗，用節奏重生
歌曲 793,蘇打綠,爵士,我們用歌聲反抗，用節奏重生
歌曲 794,草東沒有派對,台灣獨立樂隊,微光閃爍在眼裡，是自由的證明
歌曲 795,草東沒有派對,台灣獨立樂隊,風輕輕地吹，思念緩緩地墜
歌曲 796,椅子樂團,搖滾,風輕輕地吹，思念緩緩地墜
歌曲 797,蘇打綠,民謠,微光閃爍在眼裡，是自由的證明
歌曲 798,椅子樂團,台灣獨立樂隊,風輕輕地吹，思念緩緩地墜
歌曲 799,草東沒有派對,流行,這一刻，世界靜止在音符之中
歌曲 800,老王樂隊,民謠,這一刻，世界靜止在音符之中
歌曲 801,滅火器,搖滾,時間啊帶不走的，是你我的夢
歌曲 802,滅火器,爵士,我們用歌聲反抗，用節奏重生
歌曲 803,滅火器,台灣獨立樂隊,那年夏天，我們一起寫下青春的旋律
歌曲 804,滅火器,台灣獨立樂隊,時間啊帶不走的，是你我的夢
歌曲 805,老王樂隊,電子,時間啊帶不走的，是你我的夢
歌曲 806,美秀集團,爵士,風輕輕地吹，思念緩緩地墜
歌曲 807,草東沒有派對,流行,風輕輕地吹，思念緩緩地墜
歌曲 808,草東沒有派對,爵士,我們用歌聲反抗，用節奏重生
歌曲 809,滅火器,爵士,這一刻，世界靜止在音符之中
歌曲 810,宇宙人,嘻哈,微光閃爍在眼裡，是自由的證明
歌曲 811,蘇打綠,搖滾,時間啊帶不走的，是你我的夢
歌曲 812,宇宙人,台灣獨立樂隊,我們用歌聲反抗，用節奏重生
歌曲 813,椅子樂團,搖滾,我們都一樣，在黑夜裡歌唱
歌曲 814,宇宙人,搖滾,我們用歌聲反抗，用節奏重生
歌曲 815,草東沒有派對,流行,這一刻，世界靜止在音符之中
歌曲 816,滅火器,流行,這一刻，世界靜止在音符之中
歌曲 817,蘇打綠,古典樂,我們都一樣，在黑夜裡歌唱
歌曲 818,老王樂隊,流行,風輕輕地吹，思念緩緩地墜
歌曲 819,滅火器,古典樂,我們用歌聲反抗，用節奏重生
歌曲 820,滅火器,爵士,微光閃爍在眼裡，是自由的證明
歌曲 821,滅火器,流行,我們用歌聲反抗，用節奏重生
歌曲 822,美秀集團,搖滾,這一刻，世界靜止在音符之中
歌曲 823,老王樂隊,嘻哈,這一刻，世界靜止在音符之中
歌曲 824,草東沒有派對,流行,時間啊帶不走的，是你我的夢
歌曲 825,滅火器,嘻哈,我們用歌聲反抗，用節奏重生
歌曲 826,蘇打綠,電子,那年夏天，我們一起寫下青春的旋律
歌曲 827,康士坦的變化球,嘻哈,微光閃爍在眼裡，是自由的證明
歌曲 828,草東沒有派對,台灣獨立樂隊,這一刻，世界靜止在音符之中
歌曲 829,椅子樂團,嘻哈,這一刻，世界靜止在音符之中
歌曲 830,椅子樂團,爵士,那年夏天，我們一起寫下青春的旋律
歌曲 831,老王樂隊,嘻哈,讓我牽著你的手，走過城市的盡頭
歌曲 832,蘇打綠,台灣獨立樂隊,風輕輕地吹，思念緩緩地墜
歌曲 833,草東沒有派對,搖滾,風輕輕地吹，思念緩緩地墜
歌曲 834,老王樂隊,古典樂,時間啊帶不走的，是你我的夢
歌曲 835,宇宙人,搖滾,風輕輕地吹，思念緩緩地墜
歌曲 836,草東沒有派對,台灣獨立樂隊,微光閃爍在眼裡，是自由的證明
歌曲 837,美秀集團,古典樂,微光閃爍在眼裡，是自由的證明
歌曲 838,滅火器,台灣獨立樂隊,微光閃爍在眼裡，是自由的證明
歌曲 839,康士坦的變化球,台灣獨立樂隊,那年夏天，我們一起寫下青春的旋律
歌曲 840,滅火器,電子,微光閃爍在眼裡，是自由的證明
歌曲 841,美秀集團,爵士,我們都一樣，在黑夜裡歌唱
歌曲 842,美秀集團,流行,風輕輕地吹，思念緩緩地墜
歌曲 843,椅子樂團,民謠,風輕輕地吹，思念緩緩地墜
歌曲 844,草東沒有派對,古典樂,我們都一樣，在黑夜裡歌唱
歌曲 845,椅子樂團,台灣獨立樂隊,時間啊帶不走的，是你我的夢
歌曲 846,美秀集團,爵士,那年夏天，我們一起寫下青春的旋律
歌曲 847,椅子樂團,電子,風輕輕地吹，思念緩緩地墜
歌曲 848,草東沒有派對,電子,風輕輕地吹，思念緩緩地墜
歌曲 849,草東沒有派對,台灣獨立樂隊,時間啊帶不走的，是你我的夢
歌曲 850,滅火器,搖滾,這一刻，世界靜止在音符之中
歌曲 851,老王樂隊,搖滾,我們用歌聲反抗，用節奏重生
歌曲 852,椅子樂團,流行,那年夏天，我們一起寫下青春的旋律
歌曲 853,宇宙人,民謠,那年夏天，我們一起寫下青春的旋律
歌曲 854,蘇打綠,嘻哈,讓我牽著你的手，走過城市的盡頭
歌曲 855,康士坦的變化球,民謠,我們用歌聲反抗，用節奏重生
歌曲 856,老王樂隊,爵士,風輕輕地吹，思念緩緩地墜
歌曲 857,美秀集團,台灣獨立樂隊,微光閃爍在眼裡，是自由的證明
歌曲 858,康士坦的變化球,嘻哈,那年夏天，我們一起寫下青春的旋律
歌曲 859,宇宙人,搖滾,風輕輕地吹，思念緩緩地墜
歌曲 860,美秀集團,民謠,那年夏天，我們一起寫下青春的旋律
歌曲 861,椅子樂團,電子,我們都一樣，在黑夜裡歌唱
歌曲 862,蘇打綠,流行,微光閃爍在眼裡，是自由的證明
歌曲 863,宇宙人,電子,這一刻，世界靜止在音符之中
歌曲 864,康士坦的變化球,台灣獨立樂隊,我們都一樣，在黑夜裡歌唱
歌曲 865,美秀集團,流行,那年夏天，我們一起寫下青春的旋律
歌曲 866,蘇打綠,電子,這一刻，世界靜止在音符之中
歌曲 867,美秀集團,嘻哈,時間啊帶不走的，是你我的夢
歌曲 868,草東沒有派對,流行,時間啊帶不走的，是你我的夢
歌曲 869,草東沒有派對,台灣獨立樂隊,我們用歌聲反抗，用節奏重生
歌曲 870,老王樂隊,嘻哈,我們用歌聲反抗，用節奏重生
歌曲 871,滅火器,台灣獨立樂隊,我們都一樣，在黑夜裡歌唱
歌曲 872,康士坦的變化球,流行,時間啊帶不走的，是你我的夢
歌曲 873,椅子樂團,電子,風輕輕地吹，思念緩緩地墜
歌曲 874,蘇打綠,嘻哈,我們用歌聲反抗，用節奏重生
歌曲 875,宇宙人,古典樂,風輕輕地吹，思念緩緩地墜
歌曲 876,滅火器,爵士,那年夏天，我們一起寫下青春的旋律
歌曲 877,蘇打綠,搖滾,風輕輕地吹，思念緩緩地墜
歌曲 878,椅子樂團,電子,讓我牽著你的手，走過城市的盡頭
歌曲 879,宇宙人,民謠,時間啊帶不走的，是你我的夢
歌曲 880,蘇打綠,嘻哈,那年夏天，我們一起寫下青春的旋律
歌曲 881,老王樂隊,嘻哈,微光閃爍在眼裡，是自由的證明
歌曲 882,宇宙人,搖滾,我們都一樣，在黑夜裡歌唱
歌曲 883,美秀集團,古典樂,微光閃爍在眼裡，是自由的證明
歌曲 884,宇宙人,流行,微光閃爍在眼裡，是自由的證明
歌曲 885,康士坦的變化球,流行,我們用歌聲反抗，用節奏重生
歌曲 886,草東沒有派對,搖滾,我們用歌聲反抗，用節奏重生
歌曲 887,草東沒有派對,電子,這一刻，世界靜止在音符之中
歌曲 888,椅子樂團,古典樂,微光閃爍在眼裡，是自由的證明
歌曲 889,草東沒有派對,古典樂,我們用歌聲反抗，用節奏重生
歌曲 890,椅子樂團,民謠,微光閃爍在眼裡，是自由的證明
歌曲 891,滅火器,台灣獨立樂隊,微光閃爍在眼裡，是自由的證明
歌曲 892,康士坦的變化球,台灣獨立樂隊,時間啊帶不走的，是你我的夢
歌曲 893,椅子樂團,電子,那年夏天，我們一起寫下青春的旋律
歌曲 894,椅子樂團,流行,我們用歌聲反抗，用節奏重生
歌曲 895,美秀集團,流行,微光閃爍在眼裡，是自由的證明
歌曲 896,美秀集團,爵士,我們用歌聲反抗，用節奏重生
歌曲 897,蘇打綠,搖滾,讓我牽著你的手，走過城市的盡頭
歌曲 898,宇宙人,古典樂,時間啊帶不走的，是你我的夢
歌曲 899,康士坦的變化球,民謠,讓我牽著你的手，走過城市的盡頭
歌曲 900,宇宙人,搖滾,那年夏天，我們一起寫下青春的旋律
歌曲 901,椅子樂團,嘻哈,這一刻，世界靜止在音符之中
歌曲 902,蘇打綠,電子,我們都一樣，在黑夜裡歌唱
歌曲 903,蘇打綠,電子,我們用歌聲反抗，用節奏重生
歌曲 904,康士坦的變化球,古典樂,讓我牽著你的手，走過城市的盡頭
歌曲 905,老王樂隊,爵士,我們都一樣，在黑夜裡歌唱
歌曲 906,蘇打綠,爵士,風輕輕地吹，思念緩緩地墜
歌曲 907,蘇打綠,台灣獨立樂隊,我們用歌聲反抗，用節奏重生
歌曲 908,宇宙人,古典樂,微光閃爍在眼裡，是自由的證明
歌曲 909,蘇打綠,爵士,我們用歌聲反抗，用節奏重生
歌曲 910,草東沒有派對,流行,讓我牽著你的手，走過城市的盡頭
歌曲 911,椅子樂團,台灣獨立樂隊,這一刻，世界靜止在音符之中
歌曲 912,宇宙人,搖滾,風輕輕地吹，思念緩緩地墜
歌曲 913,滅火器,搖滾,微光閃爍在眼裡，是自由的證明
歌曲 914,老王樂隊,搖滾,那年夏天，我們一起寫下青春的旋律
歌曲 915,老王樂隊,流行,這一刻，世界靜止在音符之中
歌曲 916,美秀集團,台灣獨立樂隊,讓我牽著你的手，走過城市的盡頭
歌曲 917,美秀集團,電子,時間啊帶不走的，是你我的夢
歌曲 918,滅火器,古典樂,風輕輕地吹，思念緩緩地墜
歌曲 919,蘇打綠,民謠,那年夏天，我們一起寫下青春的旋律
歌曲 920,美秀集團,爵士,微光閃爍在眼裡，是自由的證明
歌曲 921,宇宙人,古典樂,風輕輕地吹，思念緩緩地墜
歌曲 922,椅子樂團,民謠,這一刻，世界靜止在音符之中
歌曲 923,康士坦的變化球,電子,讓我牽著你的手，走過城市的盡頭
歌曲 924,椅子樂團,爵士,我們用歌聲反抗，用節奏重生
歌曲 925,椅子樂團,古典樂,我們都一樣，在黑夜裡歌唱
歌曲 926,宇宙人,民謠,我們用歌聲反抗，用節奏重生
歌曲 927,美秀集團,爵士,我們都一樣，在黑夜裡歌唱
歌曲 928,美秀集團,電子,我們都一樣，在黑夜裡歌唱
歌曲 929,老王樂隊,嘻哈,讓我牽著你的手，走過城市的盡頭
歌曲 930,宇宙人,爵士,我們用歌聲反抗，用節奏重生
歌曲 931,美秀集團,嘻哈,微光閃爍在眼裡，是自由的證明
歌曲 932,康士坦的變化球,流行,這一刻，世界靜止在音符之中
歌曲 933,草東沒有派對,流行,我們都一樣，在黑夜裡歌唱
歌曲 934,老王樂隊,民謠,微光閃爍在眼裡，是自由的證明
歌曲 935,宇宙人,搖滾,風輕輕地吹，思念緩緩地墜
歌曲 936,滅火器,爵士,微光閃爍在眼裡，是自由的證明
歌曲 937,草東沒有派對,流行,我們用歌聲反抗，用節奏重生
歌曲 938,蘇打綠,電子,我們用歌聲反抗，用節奏重生
歌曲 939,滅火器,電子,微光閃爍在眼裡，是自由的證明
歌曲 940,蘇打綠,嘻哈,我們都一樣，在黑夜裡歌唱
歌曲 941,椅子樂團,台灣獨立樂隊,我們用歌聲反抗，用節奏重生
歌曲 942,草東沒有派對,嘻哈,時間啊帶不走的，是你我的夢
歌曲 943,老王樂隊,搖滾,我們用歌聲反抗，用節奏重生
歌曲 944,康士坦的變化球,嘻哈,讓我牽著你的手，走過城市的盡頭
歌曲 945,滅火器,搖滾,時間啊帶不走的，是你我的夢
歌曲 946,草東沒有派對,搖滾,時間啊帶不走的，是你我的夢
歌曲 947,康士坦的變化球,搖滾,我們都一樣，在黑夜裡歌唱
歌曲 948,滅火器,古典樂,讓我牽著你的手，走過城市的盡頭
歌曲 949,蘇打綠,民謠,讓我牽著你的手，走過城市的盡頭
歌曲 950,美秀集團,搖滾,那年夏天，我們一起寫下青春的旋律
歌曲 951,滅火器,台灣獨立樂隊,讓我牽著你的手，走過城市的盡頭
歌曲 952,蘇打綠,爵士,我們用歌聲反抗，用節奏重生
歌曲 953,椅子樂團,爵士,這一刻，世界靜止在音符之中
歌曲 954,草東沒有派對,流行,風輕輕地吹，思念緩緩地墜
歌曲 955,宇宙人,流行,那年夏天，我們一起寫下青春的旋律
歌曲 956,康士坦的變化球,流行,我們都一樣，在黑夜裡歌唱
歌曲 957,滅火器,台灣獨立樂隊,那年夏天，我們一起寫下青春的旋律
歌曲 958,康士坦的變化球,爵士,我們用歌聲反抗，用節奏重生
歌曲 959,康士坦的變化球,民謠,微光閃爍在眼裡，是自由的證明
歌曲 960,滅火器,爵士,時間啊帶不走的，是你我的夢
歌曲 961,老王樂隊,台灣獨立樂隊,風輕輕地吹，思念緩緩地墜
歌曲 962,草東沒有派對,民謠,微光閃爍在眼裡，是自由的證明
歌曲 963,美秀集團,搖滾,時間啊帶不走的，是你我的夢
歌曲 964,草東沒有派對,電子,微光閃爍在眼裡，是自由的證明
歌曲 965,老王樂隊,古典樂,我們用歌聲反抗，用節奏重生
歌曲 966,康士坦的變化球,古典樂,時間啊帶不走的，是你我的夢
歌曲 967,椅子樂團,爵士,時間啊帶不走的，是你我的夢
歌曲 968,康士坦的變化球,電子,我們用歌聲反抗，用節奏重生
歌曲 969,宇宙人,電子,這一刻，世界靜止在音符之中
歌曲 970,滅火器,流行,時間啊帶不走的，是你我的夢
歌曲 971,老王樂隊,電子,微光閃爍在眼裡，是自由的證明
歌曲 972,蘇打綠,台灣獨立樂隊,讓我牽著你的手，走過城市的盡頭
歌曲 973,滅火器,民謠,微光閃爍在眼裡，是自由的證明
歌曲 974,美秀集團,古典樂,這一刻，世界靜止在音符之中
歌曲 975,美秀集團,電子,時間啊帶不走的，是你我的夢
歌曲 976,蘇打綠,台灣獨立樂隊,時間啊帶不走的，是你我的夢
歌曲 977,老王樂隊,流行,讓我牽著你的手，走過城市的盡頭
歌曲 978,老王樂隊,台灣獨立樂隊,我們都一樣，在黑夜裡歌唱
歌曲 979,滅火器,搖滾,我們用歌聲反抗，用節奏重生
歌曲 980,蘇打綠,流行,微光閃爍在眼裡，是自由的證明
歌曲 981,康士坦的變化球,搖滾,我們都一樣，在黑夜裡歌唱
歌曲 982,美秀集團,流行,讓我牽著你的手，走過城市的盡頭
歌曲 983,美秀集團,搖滾,時間啊帶不走的，是你我的夢
歌曲 984,康士坦的變化球,古典樂,時間啊帶不走的，是你我的夢
歌曲 985,老王樂隊,爵士,我們都一樣，在黑夜裡歌唱
歌曲 986,椅子樂團,爵士,讓我牽著你的手，走過城市的盡頭
歌曲 987,滅火器,台灣獨立樂隊,時間啊帶不走的，是你我的夢
歌曲 988,滅火器,台灣獨立樂隊,微光閃爍在眼裡，是自由的證明
歌曲 989,椅子樂團,爵士,微光閃爍在眼裡，是自由的證明
歌曲 990,康士坦的變化球,古典樂,那年夏天，我們一起寫下青春的旋律
歌曲 991,康士坦的變化球,古典樂,這一刻，世界靜止在音符之中
歌曲 992,美秀集團,民謠,這一刻，世界靜止在音符之中
歌曲 993,宇宙人,搖滾,那年夏天，我們一起寫下青春的旋律
歌曲 994,椅子樂團,台灣獨立樂隊,風輕輕地吹，思念緩緩地墜
歌曲 995,宇宙人,台灣獨立樂隊,我們都一樣，在黑夜裡歌唱
歌曲 996,美秀集團,搖滾,我們都一樣，在黑夜裡歌唱
歌曲 997,美秀集團,電子,這一刻，世界靜止在音符之中
歌曲 998,滅火器,古典樂,微光閃爍在眼裡，是自由的證明
歌曲 999,美秀集團,台灣獨立樂隊,我們用歌聲反抗，用節奏重生
歌曲 1000,老王樂隊,電子,那年夏天，我們一起寫下青春的旋律
